Model,MAE,RMSE,MAPE
LightGBM,1560100.7835284546,1984052.2201121915,29.355067507271592
XGBoost,1631550.2091780822,2054393.7911093573,30.208464441322093
Prophet,1936964.6476469056,2373749.4530137563,39.08307066432708
