{
  "model": "Ensemble",
  "timestamp": "2025-11-14T14:38:23.995697",
  "method": "inverse_mae",
  "weights": {
    "Prophet": 0.2916509163118917,
    "XGBoost": 0.34624586554069103,
    "LightGBM": 0.36210321814741725
  },
  "individual_metrics": {
    "Prophet": {
      "MAE": 1936964.6476469056,
      "RMSE": 2373749.4530137563,
      "MAPE": 39.08307066432708
    },
    "XGBoost": {
      "MAE": 1631550.2091780822,
      "RMSE": 2054393.7911093573,
      "MAPE": 30.208464441322093
    },
    "LightGBM": {
      "MAE": 1560100.7835284546,
      "RMSE": 1984052.2201121915,
      "MAPE": 29.355067507271592
    }
  },
  "forecast_days": 90
}